{
    "available_space": true,
    "id": "d",
    "size_max": 49.029287338256836,
    "size_mean": 10.346470339158001,
    "size_min": 0.6413974761962891,
    "total_size": 879.4499788284302
}