{
    "available_space": true,
    "id": "d",
    "size_max": 49.029287338256836,
    "size_mean": 10.394216639654976,
    "size_min": 0.6413974761962891,
    "total_size": 873.1141977310181
}