{
    "available_space": true,
    "id": "d",
    "size_max": 49.029287338256836,
    "size_mean": 10.305797776510548,
    "size_min": 0.6413974761962891,
    "total_size": 886.2986087799072
}