{
    "available_space": true,
    "size_max": 49.029287338256836,
    "size_mean": 10.432950801159961,
    "size_min": 0.6413974761962891,
    "total_size": 865.9349164962769,
    "video_list": {
        "DEAD KENNEDYS-Kill The Poor-(Subtitulos castellano)-062Zaoe9j9I.mp4": {
            "size": 9.086549758911133
        },
        "DEF CON DOS - Pegale Al ruido (video clip)-ndyKwpt9DFk.mp4": {
            "size": 21.025870323181152
        },
        "DEICIDE SERPENTS OF THE LIGHT LIVE NOTTINGHAM-1nBMZ3yt0es.mp4": {
            "size": 9.247133255004883
        },
        "DEVUELVEME MI LIBERTAD - CAMILO SESTO-E28uf2b67Mo.mp4": {
            "size": 12.411720275878906
        },
        "DONDE ESTES CON QUIEN ESTES CHUY VEGA-KxZ0sk_YvVw.mp4": {
            "size": 7.887462615966797
        },
        "DUKI - OTRO M\u00c1S \ud83d\udeac-RXNLgvwf-rU.mp4": {
            "size": 10.448465347290039
        },
        "Daddy Yankee - La Despedida-Vdt8d1zkeXY.mp4": {
            "size": 11.625364303588867
        },
        "Daddy Yankee - Que Tire Pa' 'Lante (Video Oficial)-fAgvmh1jaCE.mp4": {
            "size": 19.060434341430664
        },
        "Daft Punk - Lose Yourself to Dance (Official Version)-NF-kLy44Hls.mp4": {
            "size": 20.76552677154541
        },
        "Dale Aborigen - Todos Tus Muertos-c7vcvosVUYk.mp4": {
            "size": 5.039651870727539
        },
        "Dale Un Beso A Mi Amigo-DADvwnLvtFg.mp4": {
            "size": 4.2293701171875
        },
        "Dani - A Mi Lado (Official Video)-DCx_w4lb98E.mp4": {
            "size": 9.513714790344238
        },
        "Daniela Calvario - Nada Cambia (VIDEO OFICIAL)-I_T1n0AOAF0.mp4": {
            "size": 11.600358963012695
        },
        "Danna Paola - Mala Fama-vulWkgc5KYI.mp4": {
            "size": 14.746994972229004
        },
        "Daria Pesado-rOLvHwAm-30.mp4": {
            "size": 9.904831886291504
        },
        "Days of Lavender-0L0i6HYJ-EA.mp4": {
            "size": 11.178650856018066
        },
        "De Empalme a Hermosillo--iUaDyJTTAo.mp4": {
            "size": 10.000758171081543
        },
        "De La Ausencia Y De Ti.mp4": {
            "size": 6.754057884216309
        },
        "De Tanto Son\u0303ar - Diego Verdaguer (Audio Oficial)-BO0uuWYxlSc.mp4": {
            "size": 9.719624519348145
        },
        "De la gloria al infierno-Uujo-nWR3NE.mp4": {
            "size": 7.057755470275879
        },
        "Death and All His Friends-QvoM6TK8O6w.mp4": {
            "size": 11.394250869750977
        },
        "Debussy - Clair de Lune-WNcsUNKlAKw.mp4": {
            "size": 13.392033576965332
        },
        "Def Con Dos - Veraneo en Puerto Hurraco-ZTpDh-HmwNs.mp4": {
            "size": 8.60200309753418
        },
        "Def Con Dos- P\u00e1nico a una muerte rid\u00edcula-JC55_uUcWQM.mp4": {
            "size": 5.5963897705078125
        },
        "Def con Dos - Quiero la cabeza de Alfredo Garc\u00eda (Dos Tenores \u2013 Dubbing 2014)-mCnnoBgKX4Y.mp4": {
            "size": 20.55003833770752
        },
        "Def con dos - Dogmatofobia (video clip)-rwZ29gA-EnQ.mp4": {
            "size": 17.878612518310547
        },
        "Def con dos - Ultramemia (video  clip)-PqQWyQ2LLYA.mp4": {
            "size": 20.089656829833984
        },
        "Defendiendo el honor-9wjT63Go-UU.mp4": {
            "size": 9.166864395141602
        },
        "Deicide - Dead But Dreaming-Z37idiyphig.mp4": {
            "size": 6.096775054931641
        },
        "Deicide - FATHER BAKER'S-vzrkOG4iYEI.mp4": {
            "size": 5.309282302856445
        },
        "Deicide - Lunatic Of God's Creation (Live)-Z1d2rzm8w1A.mp4": {
            "size": 13.401741981506348
        },
        "Deicide - When Satan Rules His World [When London Burns 2004]-ZPZ8e7_PHlM.mp4": {
            "size": 15.488386154174805
        },
        "Deja de llorar-343S_5Vl-7E.mp4": {
            "size": 5.918885231018066
        },
        "Demasiado Cruel-Ry2cJSVgEHw.mp4": {
            "size": 7.30891227722168
        },
        "Derrotado Coraz\u00f3n--tF7H-9uuCQ.mp4": {
            "size": 6.708077430725098
        },
        "Desde La Rendija - Elektroduendes-y7fjtUUEojg.mp4": {
            "size": 4.087275505065918
        },
        "Desde que te perdi - marco antonio solis.mp4": {
            "size": 6.216301918029785
        },
        "Designing Oblivion-hlRS6Knx27w.mp4": {
            "size": 0.6413974761962891
        },
        "Diana Krall - Baby Baby All The Time-PqHpl6TmzC0.mp4": {
            "size": 4.869134902954102
        },
        "Dices ya no-3fgMl8nDrgQ.mp4": {
            "size": 6.189509391784668
        },
        "Dick Dale & The Del Tones 'Misirlou' 1963-ZIU0RMV_II8.mp4": {
            "size": 6.712011337280273
        },
        "Dick Dale and his Del-Tones  - - King of the Surf Guitar-JQA0CJlfN3Y.mp4": {
            "size": 4.468825340270996
        },
        "Diego El Cigala - Si T\u00fa Me Dices Ven (Official Video)-qWxWujWQcu4.mp4": {
            "size": 7.696171760559082
        },
        "Diego Val - Tell Me (Dime) (Official Video) [Sin Miedo a la Verdad]-PAPEyzwTcGo.mp4": {
            "size": 11.294493675231934
        },
        "Diego Verdaguer - Ni con Santos.wmv-yao9QUoNu5Y.mp4": {
            "size": 5.5357666015625
        },
        "Diego Verdaguer - Puede Que si.wmv-k2OpVHpwuSs.mp4": {
            "size": 5.037919998168945
        },
        "Diego Verdaguer - Que Sufras Mas (video Official)-dmACbLiZxlw.mp4": {
            "size": 13.400314331054688
        },
        "Diego Verdaguer - Todos Mentimos (OFICIAL HD_vers. Ranchera)-B4k09BBIlAU.mp4": {
            "size": 35.48899745941162
        },
        "Diego Verdaguer - Ventana del Alma (Video OFICIAL)-MVCXU9lPdcM.mp4": {
            "size": 7.767027854919434
        },
        "Diego Verdaguer - Volver\u00e9 (Versi\u00f3n Original)-ZbxnDaWYl9o.mp4": {
            "size": 15.769014358520508
        },
        "Diego verdaguer -  pajaro que comio volo - Baladas inolvidables-SMguE06zls4.mp4": {
            "size": 6.955631256103516
        },
        "Dim Dim the Lights - Bill Haley and his Comets-l2T9pogo9Ng.mp4": {
            "size": 4.155840873718262
        },
        "Dime (Preg\u00fantale a Dios)-Sb65UhcgETQ.mp4": {
            "size": 7.758989334106445
        },
        "Dime si les dir\u00e1s-JtZIzWEuVVI.mp4": {
            "size": 7.009269714355469
        },
        "Dios Te Ense\u00f1a el Camino-YvyN7J-6PW0.mp4": {
            "size": 3.817476272583008
        },
        "Disco Inferno (The Trammps) - The Bee Gees-5FhM-kgl9Po.mp4": {
            "size": 18.151002883911133
        },
        "Distante Instante - Rodr\u00edgo Gonz\u00e1lez-zI8oY4DAr28.mp4": {
            "size": 4.554801940917969
        },
        "Django Reinhardt - Sweet Chorus\u00a0(1936)-o-2SzSz6gvU.mp4": {
            "size": 4.444461822509766
        },
        "Do You Still Remember Me-DzQdcSBs0mk.mp4": {
            "size": 6.191250801086426
        },
        "Doin\u2019 Dirt-HKdXEX8PFbY.mp4": {
            "size": 8.897292137145996
        },
        "Don Cikuta - Mal\u00e9fica (Official Video)-XpV9KLlc304.mp4": {
            "size": 49.029287338256836
        },
        "Don Cond\u00f3n-A9BCwtEZMdw.mp4": {
            "size": 7.567500114440918
        },
        "Don't Look Now ~ Larry Clinton & His Orchestra (1939)-rqq_VSdX7pY.mp4": {
            "size": 5.590710639953613
        },
        "Donde todo empieza-5dsNLay9t64.mp4": {
            "size": 8.81265640258789
        },
        "Done Lost Your Good Thing Now Stevie Ray Vaughan 1981-d-KE0VwHJL4.mp4": {
            "size": 25.029298782348633
        },
        "Don\u2019t Lose Your Cool-Xvp5IKXYY04.mp4": {
            "size": 3.7120532989501953
        },
        "Doomsday-Srkwsj9xsk4.mp4": {
            "size": 6.205297470092773
        },
        "Dos Amigos-NDZuG9tIs_U.mp4": {
            "size": 5.025236129760742
        },